{
  "dev": {
    "awscloudformation": {
      "AuthRoleName": "amplify-myamplifyapp-dev-122422-authRole",
      "UnauthRoleArn": "arn:aws:iam::663755858923:role/amplify-myamplifyapp-dev-122422-unauthRole",
      "AuthRoleArn": "arn:aws:iam::663755858923:role/amplify-myamplifyapp-dev-122422-authRole",
      "Region": "ap-south-1",
      "DeploymentBucketName": "amplify-myamplifyapp-dev-122422-deployment",
      "UnauthRoleName": "amplify-myamplifyapp-dev-122422-unauthRole",
      "StackName": "amplify-myamplifyapp-dev-122422",
      "StackId": "arn:aws:cloudformation:ap-south-1:663755858923:stack/amplify-myamplifyapp-dev-122422/cd191c10-832b-11ec-ac4d-024b686d78c4",
      "AmplifyAppId": "dh944gl8dp4xh"
    }
  }
}