{
  "providers": {
    "awscloudformation": {
      "AuthRoleName": "amplify-loginauthentication-dev-142457-authRole",
      "UnauthRoleArn": "arn:aws:iam::663755858923:role/amplify-loginauthentication-dev-142457-unauthRole",
      "AuthRoleArn": "arn:aws:iam::663755858923:role/amplify-loginauthentication-dev-142457-authRole",
      "Region": "ap-south-1",
      "DeploymentBucketName": "amplify-loginauthentication-dev-142457-deployment",
      "UnauthRoleName": "amplify-loginauthentication-dev-142457-unauthRole",
      "StackName": "amplify-loginauthentication-dev-142457",
      "StackId": "arn:aws:cloudformation:ap-south-1:663755858923:stack/amplify-loginauthentication-dev-142457/cfd8fd50-8405-11ec-b90a-02ff1135dfea",
      "AmplifyAppId": "d3j6nrvlwtd1i6"
    }
  },
  "auth": {
    "loginauthentication83bcde7c": {
      "service": "Cognito",
      "providerPlugin": "awscloudformation",
      "dependsOn": [],
      "customAuth": false,
      "frontendAuthConfig": {
        "socialProviders": [],
        "usernameAttributes": [],
        "signupAttributes": [
          "EMAIL"
        ],
        "passwordProtectionSettings": {
          "passwordPolicyMinLength": 8,
          "passwordPolicyCharacters": []
        },
        "mfaConfiguration": "OFF",
        "mfaTypes": [
          "SMS"
        ],
        "verificationMechanisms": [
          "EMAIL"
        ]
      },
      "output": {
        "UserPoolId": "ap-south-1_OdsuRZd32",
        "AppClientIDWeb": "4l01nb8v1gpoj5bsufod6repe8",
        "AppClientID": "3f02d3pph1qienhcje54rs5dpv",
        "IdentityPoolId": "ap-south-1:27c39366-1323-4daf-9e27-44838e26a6de",
        "UserPoolArn": "arn:aws:cognito-idp:ap-south-1:663755858923:userpool/ap-south-1_OdsuRZd32",
        "IdentityPoolName": "loginauthentication83bcde7c_identitypool_83bcde7c__dev",
        "UserPoolName": "loginauthentication83bcde7c_userpool_83bcde7c",
        "HostedUIDomain": "loginauthenticationb8baffcc-b8baffcc-dev",
        "OAuthMetadata": "{\"AllowedOAuthFlows\":[\"code\"],\"AllowedOAuthScopes\":[\"phone\",\"email\",\"openid\",\"profile\",\"aws.cognito.signin.user.admin\"],\"CallbackURLs\":[\"gettingstarted://\"],\"LogoutURLs\":[\"gettingstarted://\"]}"
      },
      "lastPushTimeStamp": "2022-02-02T11:02:23.208Z",
      "providerMetadata": {
        "s3TemplateURL": "https://s3.amazonaws.com/amplify-loginauthentication-dev-142457-deployment/amplify-cfn-templates/auth/loginauthentication83bcde7c-cloudformation-template.json",
        "logicalId": "authloginauthentication83bcde7c"
      },
      "lastPushDirHash": "r1hDodK2AAV4GzvGx7kW6FXZiVY="
    },
    "userPoolGroups": {
      "service": "Cognito-UserPool-Groups",
      "providerPlugin": "awscloudformation",
      "dependsOn": [
        {
          "category": "auth",
          "resourceName": "loginauthentication83bcde7c",
          "attributes": [
            "UserPoolId",
            "AppClientIDWeb",
            "AppClientID",
            "IdentityPoolId"
          ]
        }
      ],
      "lastPushTimeStamp": "2022-02-02T11:02:22.903Z",
      "userPoolGroups": {
        "service": "Cognito-UserPool-Groups",
        "providerPlugin": "awscloudformation",
        "dependsOn": [
          {
            "category": "auth",
            "resourceName": "loginauthentication83bcde7c",
            "attributes": [
              "UserPoolId",
              "AppClientIDWeb",
              "AppClientID",
              "IdentityPoolId"
            ]
          }
        ]
      },
      "providerMetadata": {
        "s3TemplateURL": "https://s3.amazonaws.com/amplify-loginauthentication-dev-142457-deployment/amplify-cfn-templates/auth/userPoolGroups-cloudformation-template.json",
        "logicalId": "authuserPoolGroups"
      },
      "output": {
        "vardhanGroupRole": "arn:aws:iam::663755858923:role/ap-south-1_OdsuRZd32-vardhanGroupRole"
      },
      "lastPushDirHash": "ioApeLBuplDbRk5JRE7z7yFbFKo="
    }
  },
  "api": {
    "loginauthentication": {
      "service": "AppSync",
      "providerPlugin": "awscloudformation",
      "output": {
        "authConfig": {
          "defaultAuthentication": {
            "authenticationType": "AMAZON_COGNITO_USER_POOLS",
            "userPoolConfig": {
              "userPoolId": "authloginauthentication83bcde7c"
            }
          },
          "additionalAuthenticationProviders": []
        },
        "GraphQLAPIIdOutput": "qpziwbbcmzf6ldv5nq7z7i3iyy",
        "GraphQLAPIEndpointOutput": "https://nvosc2wqsfh3vez23j7i564vt4.appsync-api.ap-south-1.amazonaws.com/graphql"
      },
      "lastPushTimeStamp": "2022-02-02T11:02:22.911Z",
      "providerMetadata": {
        "s3TemplateURL": "https://s3.amazonaws.com/amplify-loginauthentication-dev-142457-deployment/amplify-cfn-templates/api/cloudformation-template.json",
        "logicalId": "apiloginauthentication"
      }
    }
  }
}