{
  "version": "1",
  "cognitoConfig": {
    "identityPoolName": "loginauthentication83bcde7c_identitypool_83bcde7c",
    "allowUnauthenticatedIdentities": false,
    "resourceNameTruncated": "logina83bcde7c",
    "userPoolName": "loginauthentication83bcde7c_userpool_83bcde7c",
    "autoVerifiedAttributes": [
      "email"
    ],
    "mfaConfiguration": "OFF",
    "mfaTypes": [
      "SMS Text Message"
    ],
    "smsAuthenticationMessage": "Your authentication code is {####}",
    "smsVerificationMessage": "Your verification code is {####}",
    "emailVerificationSubject": "Your verification code",
    "emailVerificationMessage": "Your verification code is {####}",
    "defaultPasswordPolicy": false,
    "passwordPolicyMinLength": 8,
    "passwordPolicyCharacters": [],
    "requiredAttributes": [
      "email"
    ],
    "aliasAttributes": [],
    "userpoolClientGenerateSecret": false,
    "userpoolClientRefreshTokenValidity": 30,
    "userpoolClientWriteAttributes": [
      "email"
    ],
    "userpoolClientReadAttributes": [
      "email"
    ],
    "userpoolClientLambdaRole": "logina83bcde7c_userpoolclient_lambda_role",
    "userpoolClientSetAttributes": false,
    "sharedId": "83bcde7c",
    "resourceName": "loginauthentication83bcde7c",
    "authSelections": "identityPoolAndUserPool",
    "useDefault": "default",
    "userPoolGroupList": [
      "vardhan"
    ],
    "serviceName": "Cognito",
    "usernameCaseSensitive": false,
    "useEnabledMfas": true,
    "authRoleArn": {
      "Fn::GetAtt": [
        "AuthRole",
        "Arn"
      ]
    },
    "unauthRoleArn": {
      "Fn::GetAtt": [
        "UnauthRole",
        "Arn"
      ]
    },
    "breakCircularDependency": true,
    "dependsOn": [],
    "hostedUI": false,
    "authProviders": []
  }
}