{
  "dev": {
    "awscloudformation": {
      "AuthRoleName": "amplify-loginauthentication-dev-142457-authRole",
      "UnauthRoleArn": "arn:aws:iam::663755858923:role/amplify-loginauthentication-dev-142457-unauthRole",
      "AuthRoleArn": "arn:aws:iam::663755858923:role/amplify-loginauthentication-dev-142457-authRole",
      "Region": "ap-south-1",
      "DeploymentBucketName": "amplify-loginauthentication-dev-142457-deployment",
      "UnauthRoleName": "amplify-loginauthentication-dev-142457-unauthRole",
      "StackName": "amplify-loginauthentication-dev-142457",
      "StackId": "arn:aws:cloudformation:ap-south-1:663755858923:stack/amplify-loginauthentication-dev-142457/cfd8fd50-8405-11ec-b90a-02ff1135dfea",
      "AmplifyAppId": "d3j6nrvlwtd1i6"
    },
    "categories": {
      "auth": {
        "loginauthentication83bcde7c": {}
      }
    }
  }
}