{
  "providers": {
    "awscloudformation": {
      "AuthRoleName": "amplify-loginauthenticationa-dev-121015-authRole",
      "UnauthRoleArn": "arn:aws:iam::663755858923:role/amplify-loginauthenticationa-dev-121015-unauthRole",
      "AuthRoleArn": "arn:aws:iam::663755858923:role/amplify-loginauthenticationa-dev-121015-authRole",
      "Region": "ap-south-1",
      "DeploymentBucketName": "amplify-loginauthenticationa-dev-121015-deployment",
      "UnauthRoleName": "amplify-loginauthenticationa-dev-121015-unauthRole",
      "StackName": "amplify-loginauthenticationa-dev-121015",
      "StackId": "arn:aws:cloudformation:ap-south-1:663755858923:stack/amplify-loginauthenticationa-dev-121015/fe4e2060-83f2-11ec-866e-0a111cf81f5c",
      "AmplifyAppId": "dvn9qnjvbotfi"
    }
  },
  "auth": {
    "loginauthenticationa6bb3ea9b": {
      "service": "Cognito",
      "providerPlugin": "awscloudformation",
      "dependsOn": [],
      "customAuth": false,
      "frontendAuthConfig": {
        "socialProviders": [],
        "usernameAttributes": [],
        "signupAttributes": [
          "EMAIL"
        ],
        "passwordProtectionSettings": {
          "passwordPolicyMinLength": 8,
          "passwordPolicyCharacters": []
        },
        "mfaConfiguration": "OFF",
        "mfaTypes": [
          "SMS"
        ],
        "verificationMechanisms": [
          "EMAIL"
        ]
      },
      "providerMetadata": {
        "s3TemplateURL": "https://s3.amazonaws.com/amplify-loginauthenticationa-dev-121015-deployment/amplify-cfn-templates/auth/loginauthenticationa6bb3ea9b-cloudformation-template.json",
        "logicalId": "authloginauthenticationa6bb3ea9b"
      },
      "lastPushTimeStamp": "2022-02-02T07:19:01.788Z",
      "output": {
        "UserPoolId": "ap-south-1_dnej3dGBs",
        "AppClientIDWeb": "7cgbbs0e21kh9mjiobaugn7a3e",
        "AppClientID": "1rot4493b79d90mlcus8s1a2rl",
        "IdentityPoolId": "ap-south-1:458ff16f-b813-48f3-9e2e-f4c7f1c52148",
        "UserPoolArn": "arn:aws:cognito-idp:ap-south-1:663755858923:userpool/ap-south-1_dnej3dGBs",
        "IdentityPoolName": "loginauthenticationa6bb3ea9b_identitypool_6bb3ea9b__dev",
        "UserPoolName": "loginauthenticationa6bb3ea9b_userpool_6bb3ea9b"
      },
      "lastPushDirHash": "495EJoQTG5PnPNO8LuErhf/DN68="
    }
  }
}