{
  "dev": {
    "awscloudformation": {
      "AuthRoleName": "amplify-loginauthenticationa-dev-121015-authRole",
      "UnauthRoleArn": "arn:aws:iam::663755858923:role/amplify-loginauthenticationa-dev-121015-unauthRole",
      "AuthRoleArn": "arn:aws:iam::663755858923:role/amplify-loginauthenticationa-dev-121015-authRole",
      "Region": "ap-south-1",
      "DeploymentBucketName": "amplify-loginauthenticationa-dev-121015-deployment",
      "UnauthRoleName": "amplify-loginauthenticationa-dev-121015-unauthRole",
      "StackName": "amplify-loginauthenticationa-dev-121015",
      "StackId": "arn:aws:cloudformation:ap-south-1:663755858923:stack/amplify-loginauthenticationa-dev-121015/fe4e2060-83f2-11ec-866e-0a111cf81f5c",
      "AmplifyAppId": "dvn9qnjvbotfi"
    },
    "categories": {
      "auth": {
        "loginauthenticationa6bb3ea9b": {}
      }
    }
  }
}