{
    "UserAgent": "aws-amplify-cli/2.0",
    "Version": "1.0",
    "api": {
        "plugins": {
            "awsAPIPlugin": {
                "loginauthentication": {
                    "endpointType": "GraphQL",
                    "endpoint": "https://nvosc2wqsfh3vez23j7i564vt4.appsync-api.ap-south-1.amazonaws.com/graphql",
                    "region": "ap-south-1",
                    "authorizationType": "AMAZON_COGNITO_USER_POOLS"
                }
            }
        }
    },
    "auth": {
        "plugins": {
            "awsCognitoAuthPlugin": {
                "UserAgent": "aws-amplify-cli/0.1.0",
                "Version": "0.1.0",
                "IdentityManager": {
                    "Default": {}
                },
                "CredentialsProvider": {
                    "CognitoIdentity": {
                        "Default": {
                            "PoolId": "ap-south-1:27c39366-1323-4daf-9e27-44838e26a6de",
                            "Region": "ap-south-1"
                        }
                    }
                },
                "CognitoUserPool": {
                    "Default": {
                        "PoolId": "ap-south-1_OdsuRZd32",
                        "AppClientId": "3f02d3pph1qienhcje54rs5dpv",
                        "Region": "ap-south-1"
                    }
                },
                "Auth": {
                    "Default": {
                        "OAuth": {
                            "WebDomain": "loginauthenticationb8baffcc-b8baffcc-dev.auth.ap-south-1.amazoncognito.com",
                            "AppClientId": "3f02d3pph1qienhcje54rs5dpv",
                            "SignInRedirectURI": "gettingstarted://",
                            "SignOutRedirectURI": "gettingstarted://",
                            "Scopes": [
                                "phone",
                                "email",
                                "openid",
                                "profile",
                                "aws.cognito.signin.user.admin"
                            ]
                        },
                        "authenticationFlowType": "USER_SRP_AUTH",
                        "socialProviders": [],
                        "usernameAttributes": [],
                        "signupAttributes": [
                            "EMAIL"
                        ],
                        "passwordProtectionSettings": {
                            "passwordPolicyMinLength": 8,
                            "passwordPolicyCharacters": []
                        },
                        "mfaConfiguration": "OFF",
                        "mfaTypes": [
                            "SMS"
                        ],
                        "verificationMechanisms": [
                            "EMAIL"
                        ]
                    }
                },
                "AppSync": {
                    "Default": {
                        "ApiUrl": "https://nvosc2wqsfh3vez23j7i564vt4.appsync-api.ap-south-1.amazonaws.com/graphql",
                        "Region": "ap-south-1",
                        "AuthMode": "AMAZON_COGNITO_USER_POOLS",
                        "ClientDatabasePrefix": "loginauthentication_AMAZON_COGNITO_USER_POOLS"
                    }
                }
            }
        }
    }
}