{
    "UserAgent": "aws-amplify-cli/0.1.0",
    "Version": "0.1.0",
    "IdentityManager": {
        "Default": {}
    },
    "CredentialsProvider": {
        "CognitoIdentity": {
            "Default": {
                "PoolId": "ap-south-1:458ff16f-b813-48f3-9e2e-f4c7f1c52148",
                "Region": "ap-south-1"
            }
        }
    },
    "CognitoUserPool": {
        "Default": {
            "PoolId": "ap-south-1_dnej3dGBs",
            "AppClientId": "1rot4493b79d90mlcus8s1a2rl",
            "Region": "ap-south-1"
        }
    },
    "Auth": {
        "Default": {
            "authenticationFlowType": "USER_SRP_AUTH",
            "socialProviders": [],
            "usernameAttributes": [],
            "signupAttributes": [
                "EMAIL"
            ],
            "passwordProtectionSettings": {
                "passwordPolicyMinLength": 8,
                "passwordPolicyCharacters": []
            },
            "mfaConfiguration": "OFF",
            "mfaTypes": [
                "SMS"
            ],
            "verificationMechanisms": [
                "EMAIL"
            ]
        }
    }
}